2020-12-21/2020-12-27,0
2020-12-28/2021-01-03,1
2021-01-04/2021-01-10,2
2021-01-11/2021-01-17,3
2021-01-18/2021-01-24,4
2021-01-25/2021-01-31,5
2021-02-01/2021-02-07,6
2021-02-08/2021-02-14,7
2021-02-15/2021-02-21,8
2021-02-22/2021-02-28,9
2021-03-01/2021-03-07,10
2021-03-08/2021-03-14,11
2021-03-15/2021-03-21,12
2021-03-22/2021-03-28,13
2021-03-29/2021-04-04,14
2021-04-05/2021-04-11,15
2021-04-12/2021-04-18,16
2021-04-19/2021-04-25,17
2021-04-26/2021-05-02,18
2021-05-03/2021-05-09,19
2021-05-10/2021-05-16,20
2021-05-17/2021-05-23,21
2021-05-24/2021-05-30,22
2021-05-31/2021-06-06,23
2021-06-07/2021-06-13,24
2021-06-14/2021-06-20,25
2021-06-21/2021-06-27,26
2021-06-28/2021-07-04,27
2021-07-05/2021-07-11,28
2021-07-12/2021-07-18,29
2021-07-19/2021-07-25,30
2021-07-26/2021-08-01,31
2021-08-02/2021-08-08,32
2021-08-09/2021-08-15,33
2021-08-16/2021-08-22,34
2021-08-23/2021-08-29,35
2021-08-30/2021-09-05,36
2021-09-06/2021-09-12,37
2021-09-13/2021-09-19,38
2021-09-20/2021-09-26,39
2021-09-27/2021-10-03,40
2021-10-04/2021-10-10,41
2021-10-11/2021-10-17,42
2021-10-18/2021-10-24,43
2021-10-25/2021-10-31,44
2021-11-01/2021-11-07,45
2021-11-08/2021-11-14,46
2021-11-15/2021-11-21,47
2021-11-22/2021-11-28,48
2021-11-29/2021-12-05,49
2021-12-06/2021-12-12,50
2021-12-13/2021-12-19,51
2021-12-20/2021-12-26,52
2021-12-27/2022-01-02,53
2022-01-03/2022-01-09,54
2022-01-10/2022-01-16,55
2022-01-17/2022-01-23,56
2022-01-24/2022-01-30,57
2022-01-31/2022-02-06,58
2022-02-07/2022-02-13,59
2022-02-14/2022-02-20,60
2022-02-21/2022-02-27,61
2022-02-28/2022-03-06,62
2022-03-07/2022-03-13,63
2022-03-14/2022-03-20,64
2022-03-21/2022-03-27,65
2022-03-28/2022-04-03,66
2022-04-04/2022-04-10,67
2022-04-11/2022-04-17,68
2022-04-18/2022-04-24,69
2022-04-25/2022-05-01,70
2022-05-02/2022-05-08,71
2022-05-09/2022-05-15,72
2022-05-16/2022-05-22,73
2022-05-23/2022-05-29,74
2022-05-30/2022-06-05,75
2022-06-06/2022-06-12,76
2022-06-13/2022-06-19,77
2022-06-20/2022-06-26,78
2022-06-27/2022-07-03,79
2022-07-04/2022-07-10,80
2022-07-11/2022-07-17,81
2022-07-18/2022-07-24,82
2022-07-25/2022-07-31,83
2022-08-01/2022-08-07,84
2022-08-08/2022-08-14,85
2022-08-15/2022-08-21,86
2022-08-22/2022-08-28,87
2022-08-29/2022-09-04,88
2022-09-05/2022-09-11,89
2022-09-12/2022-09-18,90
2022-09-19/2022-09-25,91
2022-09-26/2022-10-02,92
2022-10-03/2022-10-09,93
2022-10-10/2022-10-16,94
2022-10-17/2022-10-23,95
2022-10-24/2022-10-30,96
2022-10-31/2022-11-06,97
2022-11-07/2022-11-13,98
2022-11-14/2022-11-20,99
2022-11-21/2022-11-27,100
2022-11-28/2022-12-04,101
2022-12-05/2022-12-11,102
2022-12-12/2022-12-18,103
2022-12-19/2022-12-25,104
2022-12-26/2023-01-01,105
2023-01-02/2023-01-08,106
2023-01-09/2023-01-15,107
2023-01-16/2023-01-22,108
2023-01-23/2023-01-29,109
2023-01-30/2023-02-05,110
2023-02-06/2023-02-12,111
2023-02-13/2023-02-19,112
2023-02-20/2023-02-26,113
2023-02-27/2023-03-05,114
2023-03-06/2023-03-12,115
2023-03-13/2023-03-19,116
2023-03-20/2023-03-26,117
2023-03-27/2023-04-02,118
2023-04-03/2023-04-09,119
2023-04-10/2023-04-16,120
2023-04-17/2023-04-23,121
2023-04-24/2023-04-30,122
2023-05-01/2023-05-07,123
2023-05-08/2023-05-14,124
2023-05-15/2023-05-21,125
2023-05-22/2023-05-28,126
2023-05-29/2023-06-04,127
2023-06-05/2023-06-11,128
2023-06-12/2023-06-18,129
2023-06-19/2023-06-25,130
2023-06-26/2023-07-02,131
2023-07-03/2023-07-09,132
2023-07-10/2023-07-16,133
2023-07-17/2023-07-23,134
2023-07-24/2023-07-30,135
2023-07-31/2023-08-06,136
2023-08-07/2023-08-13,137
2023-08-14/2023-08-20,138
2023-08-21/2023-08-27,139
2023-08-28/2023-09-03,140
2023-09-04/2023-09-10,141
2023-09-11/2023-09-17,142
2023-09-18/2023-09-24,143
2023-09-25/2023-10-01,144
2023-10-02/2023-10-08,145
2023-10-09/2023-10-15,146
2023-10-16/2023-10-22,147
2023-10-23/2023-10-29,148
2023-10-30/2023-11-05,149
2023-11-06/2023-11-12,150
2023-11-13/2023-11-19,151
2023-11-20/2023-11-26,152
2023-11-27/2023-12-03,153
2023-12-04/2023-12-10,154
2023-12-11/2023-12-17,155
2023-12-18/2023-12-24,156
2023-12-25/2023-12-31,157
2024-01-01/2024-01-07,158
2024-01-08/2024-01-14,159
2024-01-15/2024-01-21,160
2024-01-22/2024-01-28,161
2024-01-29/2024-02-04,162
2024-02-05/2024-02-11,163
2024-02-12/2024-02-18,164
2024-02-19/2024-02-25,165
2024-02-26/2024-03-03,166
2024-03-04/2024-03-10,167
2024-03-11/2024-03-17,168
2024-03-18/2024-03-24,169
2024-03-25/2024-03-31,170
2024-04-01/2024-04-07,171
2024-04-08/2024-04-14,172
2024-04-15/2024-04-21,173
2024-04-22/2024-04-28,174
2024-04-29/2024-05-05,175
2024-05-06/2024-05-12,176
2024-05-13/2024-05-19,177
2024-05-20/2024-05-26,178
2024-05-27/2024-06-02,179
2024-06-03/2024-06-09,180
2024-06-10/2024-06-16,181
2024-06-17/2024-06-23,182
2024-06-24/2024-06-30,183
